{
  "mean": [
    50.240570342205324,
    49.780950570342206,
    49.98528517110267,
    50.10091254752852,
    49.79513307984791
  ],
  "scale": [
    1.7150078034704455,
    2.1357335160429316,
    2.6872672265359703,
    1.4113240836739622,
    1.6020155678482517
  ],
  "var": [
    2.941251765964522,
    4.561357651549104,
    7.221405146814325,
    1.991835669158149,
    2.5664538796281566
  ],
  "n_samples_seen": 263,
  "feature_names": [
    "Neuroticism",
    "Extraversion",
    "Openness",
    "Agreeableness",
    "Conscientiousness"
  ]
}